{"cameraMode":{"drawMode":2,"name":"Shaded Wireframe","section":"Shading Mode"},"sceneLighting":true,"audioPlay":false,"sceneViewState":{"showFog":true,"showMaterialUpdate":false,"showSkybox":true,"showFlares":true,"showImageEffects":true,"showParticleSystems":true},"in2DMode":false,"pivot":{"x":0.33380770683288576,"y":-6.0573906898498539,"z":11.24700927734375},"rotation":{"x":0.2808767855167389,"y":-0.10568292438983917,"z":0.03113398514688015,"w":0.9533997774124146},"size":22.0,"orthographic":false}