{"cameraMode":{"drawMode":2,"name":"Shaded Wireframe","section":"Shading Mode"},"sceneLighting":false,"audioPlay":false,"sceneViewState":{"showFog":true,"showMaterialUpdate":false,"showSkybox":false,"showFlares":true,"showImageEffects":true,"showParticleSystems":true},"in2DMode":false,"pivot":{"x":-1.9730448722839356,"y":3.4765522480010988,"z":-1.5133708715438843},"rotation":{"x":0.3263397216796875,"y":0.4102407395839691,"z":-0.1600620597600937,"w":0.836412787437439},"size":3.1000688076019289,"orthographic":true}