{"cameraMode":{"drawMode":2,"name":"Shaded Wireframe","section":"Shading Mode"},"sceneLighting":false,"audioPlay":false,"sceneViewState":{"showFog":true,"showMaterialUpdate":false,"showSkybox":false,"showFlares":true,"showImageEffects":true,"showParticleSystems":true},"in2DMode":false,"pivot":{"x":-0.010000050067901612,"y":0.21000000834465028,"z":-0.001499950885772705},"rotation":{"x":0.18343737721443177,"y":-0.5985825061798096,"z":0.14325062930583955,"w":0.7665064930915833},"size":1.1615029573440552,"orthographic":true}