{"cameraMode":{"drawMode":2,"name":"Shaded Wireframe","section":"Shading Mode"},"sceneLighting":false,"audioPlay":false,"sceneViewState":{"showFog":true,"showMaterialUpdate":false,"showSkybox":false,"showFlares":true,"showImageEffects":true,"showParticleSystems":true},"in2DMode":false,"pivot":{"x":-1.3924938440322877,"y":3.0446243286132814,"z":-1.5995374917984009},"rotation":{"x":0.05622100085020065,"y":0.3822531998157501,"z":-0.02330753579735756,"w":0.9220543503761292},"size":3.492342472076416,"orthographic":false}