{"cameraMode":{"drawMode":2,"name":"Shaded Wireframe","section":"Shading Mode"},"sceneLighting":false,"audioPlay":false,"sceneViewState":{"showFog":true,"showMaterialUpdate":false,"showSkybox":false,"showFlares":true,"showImageEffects":true,"showParticleSystems":true},"in2DMode":false,"pivot":{"x":-0.08550373464822769,"y":0.7957426309585571,"z":-0.4642865061759949},"rotation":{"x":0.40050309896469118,"y":-0.08584030717611313,"z":0.03771660476922989,"w":0.9114869832992554},"size":5.305524826049805,"orthographic":false}