{"cameraMode":{"drawMode":2,"name":"Shaded Wireframe","section":"Shading Mode"},"sceneLighting":false,"audioPlay":false,"sceneViewState":{"showFog":true,"showMaterialUpdate":false,"showSkybox":false,"showFlares":true,"showImageEffects":true,"showParticleSystems":true},"in2DMode":false,"pivot":{"x":0.9193508625030518,"y":1.4598875045776368,"z":1.1001135110855103},"rotation":{"x":0.12344437837600708,"y":0.3602755069732666,"z":-0.04816441610455513,"w":0.9233895540237427},"size":3.492342472076416,"orthographic":false}