{"cameraMode":{"drawMode":2,"name":"Shaded Wireframe","section":"Shading Mode"},"sceneLighting":true,"audioPlay":false,"sceneViewState":{"showFog":true,"showMaterialUpdate":false,"showSkybox":true,"showFlares":true,"showImageEffects":true,"showParticleSystems":true},"in2DMode":false,"pivot":{"x":13.672696113586426,"y":-3.130178689956665,"z":-5.38153076171875},"rotation":{"x":0.04256949946284294,"y":0.8918408751487732,"z":-0.08588116616010666,"w":0.44207727909088137},"size":20.451072692871095,"orthographic":false}