{"cameraMode":{"drawMode":2,"name":"Shaded Wireframe","section":"Shading Mode"},"sceneLighting":false,"audioPlay":false,"sceneViewState":{"showFog":true,"showMaterialUpdate":false,"showSkybox":false,"showFlares":true,"showImageEffects":true,"showParticleSystems":true},"in2DMode":false,"pivot":{"x":0.26805514097213747,"y":0.5748685598373413,"z":-0.3733491897583008},"rotation":{"x":0.26100412011146548,"y":0.1986462026834488,"z":-0.05497809126973152,"w":0.9430777430534363},"size":2.020829200744629,"orthographic":false}